,Float32,Float64
3,2.0861626e-06,0.0
4,6.4373016e-05,0.0
5,0.0020037293,2.8415048092256256e-12
7,1.3676865,2.016850242370083e-09
9,4.197936,1.8087042528147634e-06
12,10.8906555,0.037738086028757056
15,1.5552058,0.7296709134465287
18,5.2322855,1.8758008638289843
20,4.382484,47.742356148579084
30,16.162956,5.635842887476507
