n,Natural max error,Natural square error
20,0.81963,0.38504
30,0.47593,0.18409
40,0.4753,0.13786
60,0.47158,0.0918
70,0.47037,0.07867
80,0.46944,0.06883
100,0.46813,0.05505
200,0.46547,0.02752
300,0.4647,0.01835
