m,Natural max error,Natural square error
2,1.03128,0.06142
3,1.02794,0.06001
5,0.60238,0.04624
9,0.46547,0.02752
15,0.04876,0.00187
20,0.02059,0.00074
